1,1000020198,Anil,Butt,REG-3001465932,1579 Plaza Rosa,362,2020-05-09,2020-05-09
2,1000075842,Patterson,Anniyah,REG-3003317120,8605 Flamingo Dr,414,2020-05-09,2020-05-09
3,1000480807,Robin,Keanu,REG-3008271669,"67, avenue de l´ Union Centrale",106,2020-05-09,2020-05-09
4,1000507235,Dean,Anjali,REG-3013173148,6900 William Richardson Ct.,138,2020-05-09,2020-05-09
5,1000816289,Whitworth,Mahnoor,REG-3013889954,Altendorfer Straße 421,397,2020-05-09,2020-05-09
6,1000883825,Cabrera,Hugh,REG-3016848187,25269 N. Wood Dale Rd,379,2020-05-09,2020-05-09
7,1001151054,Chung,Natalia,REG-3019605908,Buergermeister-ulrich-str 5800,184,2020-05-09,2020-05-09
8,1001316858,Chandler,Emile,REG-3020421608,"54, rue de Courtaboeuf",492,2020-05-09,2020-05-09
9,1001414337,Mcfarland,Manraj,REG-3023464331,6927 Ricardo Drive,28,2020-05-09,2020-05-09
10,1001673092,Anderson,Aamna,REG-3023633071,University Plaza,346,2020-05-09,2020-05-09
11,1001806776,Skinner,Hammad,REG-3025317457,"95, rue Ste-Honoré",428,2020-05-09,2020-05-09
12,1001870122,Bass,Nia,REG-3026067715,8976 E Leland,519,2020-05-09,2020-05-09
13,1001894049,Huerta,Andy,REG-3028242626,"47, impasse Ste-Madeleine",295,2020-05-09,2020-05-09
14,1002004488,Curran,Cruz,REG-3028310035,2560 E. Newlands Dr,85,2020-05-09,2020-05-09
15,1002071826,Croft,Jia,REG-3030607854,2258 Pablo Neruda,117,2020-05-09,2020-05-09
16,1002095659,Sparrow,Anabelle,REG-3032302104,"2877, rue des Ecoles",576,2020-05-09,2020-05-09
17,1002127828,Bradley,Vinny,REG-3033433362,"821, rue des Rosiers",349,2020-05-09,2020-05-09
18,1002211576,Mccallum,Annie,REG-3037679244,455 256th St.,54,2020-05-09,2020-05-09
19,1002548529,Leonard,Kiya,REG-3037997875,Auf der Krone 75,592,2020-05-09,2020-05-09
20,1002775264,Singleton,Nyah,REG-3039005187,3545 Chickpea Ct.,67,2020-05-09,2020-05-09
21,1002975493,Blackmore,Kellan,REG-3040167284,Orwith Center,271,2020-05-09,2020-05-09
22,1003160539,Burke,Timur,REG-3043399515,6526 Creed Ave,385,2020-05-09,2020-05-09
23,1003238303,Stewart,Carole,REG-3047654359,9525 Akyn Rock Dr.,277,2020-05-09,2020-05-09
24,1003367065,Medrano,Lily,REG-3049719551,955 E. County Line Rd.,99,2020-05-09,2020-05-09
25,1003520290,Dickerson,Sammy-Jo,REG-3057888060,Wolfgangstraße 28,478,2020-05-09,2020-05-09
26,1003747172,Kline,Gareth,REG-3059430947,"660, rue Villedo",597,2020-05-09,2020-05-09
27,1003812661,Huynh,Guy,REG-3060846103,6939 Hilltop Dr.,298,2020-05-09,2020-05-09
28,1004032980,Slater,Teo,REG-3061121638,6837 Pirate Lane,507,2020-05-09,2020-05-09
29,1004045705,Hardin,Waqar,REG-3061546176,Buergermeister-ulrich-str 9500,148,2020-05-09,2020-05-09
30,1004278159,Tang,Tiffany,REG-3063657134,7172 Parkway Drive,32,2020-05-09,2020-05-09
31,1004424509,Chambers,Sandra,REG-3066192992,25269 N. Wood Dale Rd,379,2020-05-09,2020-05-09
32,1004437404,Faulkner,Kiah,REG-3066580323,"98, rue des Berges",439,2020-05-09,2020-05-09
33,1004617352,Mcdonald,Mila,REG-3068494254,2596 Big Canyon Road,35,2020-05-09,2020-05-09
34,1004829089,Powell,Aleeza,REG-3068748516,2472 Alexander Place,53,2020-05-09,2020-05-09
35,1004884022,Griffin,Harlan,REG-3068894662,"3355, rue de Longchamp",281,2020-05-09,2020-05-09
36,1005132362,Redmond,Macauley,REG-3069605645,6648 Rose Dr,28,2020-05-09,2020-05-09
37,1005438699,Carter,Lillie-Rose,REG-3070711120,P.O. Box 9178,219,2020-05-09,2020-05-09
38,1005774772,Meadows,Crystal,REG-3074027702,6982 Duck Horn Court,267,2020-05-09,2020-05-09
39,1006068374,Mcdowell,Mohammod,REG-3081976134,956k North Wesleyan Blvd.,458,2020-05-09,2020-05-09
40,1006068847,Davison,Iona,REG-3088948131,Postfach 2 77 77,489,2020-05-09,2020-05-09
41,1006171797,Healy,Amir,REG-3090926493,Unter Linden 924,92,2020-05-09,2020-05-09
42,1006195506,Donnelly,Trevor,REG-3094204115,"95, avenue des Ternes",34,2020-05-09,2020-05-09
43,1006216303,Decker,Abdur,REG-3095492702,Winter der Böck 5850,316,2020-05-09,2020-05-09
44,1006501599,Merrill,Deacon,REG-3097526702,70 N.W. Plaza,89,2020-05-09,2020-05-09
45,1006720395,Murphy,Vivian,REG-3098455775,9573 Royal Oak Rd.,591,2020-05-09,2020-05-09
46,1006973110,Cotton,Lily-Mai,REG-3099144909,"1, rue de la Cavalerie",212,2020-05-09,2020-05-09
47,1007129317,Foreman,Arabella,REG-3100048436,"88, avenue de l´ Union Centrale",93,2020-05-09,2020-05-09
48,1007174753,Day,Gurpreet,REG-3101894516,"95, impasse Notre-Dame",9,2020-05-09,2020-05-09
49,1007190748,Cisneros,Muskaan,REG-3102459191,Hunzinger Allee 292,181,2020-05-09,2020-05-09
50,1007242577,Garrett,Kiran,REG-3111030222,"44, rue du Départ",611,2020-05-09,2020-05-09
51,1007546148,Freeman,Zion,REG-3112950499,5458 Gladstone Drive,594,2020-05-09,2020-05-09
52,1007553415,Levy,Nikolas,REG-3112966658,678 Eastman Ave.,460,2020-05-09,2020-05-09
53,1007817847,Buckner,Ayrton,REG-3119372449,"47, rue de Linois",245,2020-05-09,2020-05-09
54,1007950964,Waters,Rubie,REG-3120215761,594 Tossing Way,86,2020-05-09,2020-05-09
55,1008133520,Redfern,Fannie,REG-3123369835,2533 Eureka Rd.,383,2020-05-09,2020-05-09
56,1008141978,Valenzuela,Calista,REG-3126297639,99 Edgewater Drive,467,2020-05-09,2020-05-09
57,1008156409,Marquez,Elliott,REG-3128549743,1782 Gold Crest Ct,30,2020-05-09,2020-05-09
58,1008305621,Rowland,Elisa,REG-3128912020,Auf dem Ufer 164,120,2020-05-09,2020-05-09
59,1008344001,Hoffman,Charlton,REG-3130373391,"66, avenue du Québec",580,2020-05-09,2020-05-09
60,1008452567,Mcghee,Bobby,REG-3133020985,2678 Village Pl,279,2020-05-09,2020-05-09
61,1008486172,Huff,Tracy,REG-3137147632,"48, rue Montcalm",295,2020-05-09,2020-05-09
62,1008571052,Ayers,Indigo,REG-3137387864,25264 E. 260th,313,2020-05-09,2020-05-09
63,1008599811,Cuevas,Giulia,REG-3138103376,Haberstr 8,335,2020-05-09,2020-05-09
64,1008707268,Becker,Garrett,REG-3138776417,Bundesallee 9511,113,2020-05-09,2020-05-09
65,1008829613,Hines,Aqeel,REG-3141678431,1413 Bridgeview St,576,2020-05-09,2020-05-09
66,1009175854,Mccormack,June,REG-3143498258,Hans-Rosenthal-Platz 41,241,2020-05-09,2020-05-09
67,1009229488,Watkins,Milli,REG-3143969196,3999 Tobi Drive,67,2020-05-09,2020-05-09
68,1009687436,Esquivel,Cayson,REG-3151605315,250000 Eight Mile Road,86,2020-05-09,2020-05-09
69,1009803218,Kirk,Mccauley,REG-3151976922,6 Cotton Road,407,2020-05-09,2020-05-09
70,1009870510,Reyna,Graham,REG-3152076337,Galeriestr 123,598,2020-05-09,2020-05-09
71,1009872541,Gross,Sonya,REG-3152900411,Heideweg 2459,540,2020-05-09,2020-05-09
72,1009894454,Keeling,Miller,REG-3156824871,9525 Akyn Rock Dr.,277,2020-05-09,2020-05-09
73,1009895538,Mcconnell,Mysha,REG-3158567329,St. Louis Marketplace,164,2020-05-09,2020-05-09
74,1010245903,Dudley,Kira,REG-3159711002,Dunckerstr 4,598,2020-05-09,2020-05-09
75,1010306002,Kinney,Awais,REG-3161702927,6947 Jemco Court,361,2020-05-09,2020-05-09
76,1010399977,Hills,Violet,REG-3162177643,"100, rue de la Centenaire",212,2020-05-09,2020-05-09
77,1010500849,Page,Cassius,REG-3166589246,3241 West Slough Rd.,493,2020-05-09,2020-05-09
78,1010589726,Cassidy,Ifan,REG-3171370894,"9, avenue des Ternes",597,2020-05-09,2020-05-09
79,1010613566,Washington,Murray,REG-3176367502,Ring Plaza,10,2020-05-09,2020-05-09
80,1010958447,Frost,Maude,REG-3177364813,Alderstr 8642,397,2020-05-09,2020-05-09
81,1011523778,Crane,Mara,REG-3178373141,"62, route de Marseille",534,2020-05-09,2020-05-09
82,1011587011,Prince,Elicia,REG-3180525595,Tanger Factory,94,2020-05-09,2020-05-09
83,1011842293,Chen,Alivia,REG-3181802478,4654 Marina View Pkwy.,108,2020-05-09,2020-05-09
84,1012058238,Reeves,Mckenzie,REG-3182247108,Ellesfield Ave,107,2020-05-09,2020-05-09
85,1012071427,Rahman,Abu,REG-3182371753,9222 Roseann Drive,20,2020-05-09,2020-05-09
86,1012123902,Harris,Atlanta,REG-3185595643,8689 St. George Court,227,2020-05-09,2020-05-09
87,1012177316,Wallace,Micah,REG-3187047683,Postenweg 5752,232,2020-05-09,2020-05-09
88,1012339834,Juarez,Kavita,REG-3187083861,9830 May Way,104,2020-05-09,2020-05-09
89,1012663821,North,Boyd,REG-3188988857,"4801, rue de Varenne",611,2020-05-09,2020-05-09
90,1012805569,Morley,Herbie,REG-3190680819,"8848, avenue de Villiers",146,2020-05-09,2020-05-09
91,1012848344,Nelson,Kajal,REG-3192101605,2441 Heavenly Drive,427,2020-05-09,2020-05-09
92,1012857827,Humphrey,Dewi,REG-3194237115,Auf Der Steige 29,250,2020-05-09,2020-05-09
93,1013108398,Mccall,Naveed,REG-3195109767,6772 Northstar Drive,419,2020-05-09,2020-05-09
94,1013216029,Jenkins,Rukhsar,REG-3196226076,9852 Shirley Dr,466,2020-05-09,2020-05-09
95,1013373506,Murray,Ziva,REG-3198582492,Factory Stores Of America,353,2020-05-09,2020-05-09
96,1013515699,Duggan,Kurt,REG-3202110927,8011 McNutt Ave,7,2020-05-09,2020-05-09
97,1013519733,Coulson,Jeremy,REG-3206393143,Helsenbergbogen 6,604,2020-05-09,2020-05-09
98,1013757661,Doherty,Avi,REG-3207280496,"103, avenue des Champs-Elysées",212,2020-05-09,2020-05-09
99,1013947537,Paterson,Jadon,REG-3210560516,2678 Village Pl,279,2020-05-09,2020-05-09
100,1014091705,Beach,Kristin,REG-3212025302,Gulfport Factory Shops,177,2020-05-09,2020-05-09
101,1014114689,Blundell,Ela,REG-3217699889,"5, rue Lafayette",611,2020-05-09,2020-05-09
102,1014118077,Tait,Brooke,REG-3218546217,3717 Via Cordona,493,2020-05-09,2020-05-09
103,1014189001,Mills,Shana,REG-3220910063,"10, route de Marseille",180,2020-05-09,2020-05-09
104,1014302351,Medrano,Anaiya,REG-3221480050,9241 St George Dr.,215,2020-05-09,2020-05-09
105,1014339014,Jeffery,Deon,REG-3224838506,1568 Delta Fair Blvd.,319,2020-05-09,2020-05-09
106,1014357480,Pemberton,Kareena,REG-3225155617,5995 Olivera Rd.,176,2020-05-09,2020-05-09
107,1014452161,Eaton,Montgomery,REG-3225519418,2530 Willow Court,495,2020-05-09,2020-05-09
108,1014625135,Rankin,Fergus,REG-3227492862,Bundesallee 112,184,2020-05-09,2020-05-09
109,1014729769,Gutierrez,Joanne,REG-3227796400,Heidestieg Straße 8224,540,2020-05-09,2020-05-09
110,1014777215,Harmon,Gianluca,REG-3229036206,Redford Plaza,393,2020-05-09,2020-05-09
111,1014891745,Holden,Saqlain,REG-3230493723,9161 Napa St.,514,2020-05-09,2020-05-09
112,1015052518,Kline,Leanne,REG-3232628652,5995 Olivera Rd.,176,2020-05-09,2020-05-09
113,1015187452,Taylor,Tai,REG-3234694263,"95, avenue de l´ Union Centrale",34,2020-05-09,2020-05-09
114,1015882631,Leach,Khloe,REG-3234798944,Westheimer Straße 96,42,2020-05-09,2020-05-09
115,1015917801,Lim,Jarod,REG-3236588923,"Garamonde Drive, Wymbush",423,2020-05-09,2020-05-09
116,1016001376,Parkes,Tayyibah,REG-3236889894,2313 Pastel Drive,117,2020-05-09,2020-05-09
117,1016125669,Amin,Gracie,REG-3237841097,494 North Spoonwood Court,282,2020-05-09,2020-05-09
118,1016160432,Felix,Brandan,REG-3243628921,3630 Second Avenue,271,2020-05-09,2020-05-09
119,1016168751,Riddle,Amna,REG-3247445122,Sports Stores @ Tuscola,200,2020-05-09,2020-05-09
120,1016242316,Armitage,Nazia,REG-3249329124,1579 Plaza Rosa,362,2020-05-09,2020-05-09
121,1016245118,O'Connor,Destiny,REG-3250002146,251420a 170th Street,612,2020-05-09,2020-05-09
122,1016258991,Daly,Persephone,REG-3250997697,58 Teed Drive,359,2020-05-09,2020-05-09
123,1016463514,Gallegos,Rheanna,REG-3253206281,"52, rue Henri Gagnon",295,2020-05-09,2020-05-09
124,1016504156,Sheppard,Clarence,REG-3253545271,"1011, avenue Foch",180,2020-05-09,2020-05-09
125,1016708880,Andersen,Alana,REG-3258667799,2151 Twincreek Ct,427,2020-05-09,2020-05-09
126,1016743445,Rosas,Henna,REG-3260668740,656 Cox Creek Pkwy.,476,2020-05-09,2020-05-09
127,1016941221,Kennedy,Sarah,REG-3265559023,830 Highway 499 So,118,2020-05-09,2020-05-09
128,1016955365,Reyna,Domonic,REG-3268628765,Am Grossen Dern 4583,4,2020-05-09,2020-05-09
129,1017298017,Sheridan,Rosina,REG-3276820170,3048 Bayshore Rd.,576,2020-05-09,2020-05-09
130,1017494879,Flores,Wyatt,REG-3277333421,"47, rue de Linois",245,2020-05-09,2020-05-09
131,1017555279,Maynard,Tariq,REG-3282796870,9513 Ridge Park Drive,591,2020-05-09,2020-05-09
132,1017960429,Woodcock,Judah,REG-3283165754,9488 St. Francis Dr.,413,2020-05-09,2020-05-09
133,1018010666,Feeney,Tyreece,REG-3285486420,337 Tosca Way,126,2020-05-09,2020-05-09
134,1018151069,Gentry,Igor,REG-3287616385,Winter der Böck 5850,316,2020-05-09,2020-05-09
135,1018186375,Wolf,Harriette,REG-3291116792,9481 Laguna Street,215,2020-05-09,2020-05-09
136,1018242762,Donnelly,Daryl,REG-3298195543,4408 Trinity Ave.,302,2020-05-09,2020-05-09
137,1018273890,Sutton,Erika,REG-3300054371,Berliner Platz 94,113,2020-05-09,2020-05-09
138,1018286270,Pace,Phillippa,REG-3301912940,"935, rue Mazagran",203,2020-05-09,2020-05-09
139,1018464119,Fenton,Gabriel,REG-3303858166,"5, rue Malar",204,2020-05-09,2020-05-09
140,1018488956,Bird,Franciszek,REG-3308936623,Hauptstr 6146,526,2020-05-09,2020-05-09
141,1018519609,Lancaster,Kourtney,REG-3309798815,Postenweg 5752,489,2020-05-09,2020-05-09
142,1018642052,Spooner,Muna,REG-3310564606,"24, rue Lauriston",82,2020-05-09,2020-05-09
143,1018712750,Jacobson,Cari,REG-3314076951,8871 Likins Ave.,344,2020-05-09,2020-05-09
144,1018743076,Mccormick,Dominique,REG-3314652900,455 256th St.,54,2020-05-09,2020-05-09
145,1018764990,Whitley,Hermione,REG-3315021279,Platz des Landtags 55,232,2020-05-09,2020-05-09
146,1018940751,Grimes,Zakaria,REG-3318074271,9525 Akyn Rock Dr.,277,2020-05-09,2020-05-09
147,1018943565,Kendall,Alysha,REG-3319614343,"390, rue des Rosiers",2,2020-05-09,2020-05-09
148,1018995348,Ray,Harvey-Lee,REG-3325974915,"11, quai de l´ Iton",180,2020-05-09,2020-05-09
149,1019338804,Schofield,Zara,REG-3327371641,9996 Asilomaar Dr.,219,2020-05-09,2020-05-09
150,1019551437,Mcnamara,Pablo,REG-3327743026,Auf dem Ufer 164,370,2020-05-09,2020-05-09
151,1019705213,Page,Brax,REG-3329853525,7226 Casa Real,267,2020-05-09,2020-05-09
152,1020063903,Battle,Alexandria,REG-3330482530,Alderstr 8642,397,2020-05-09,2020-05-09
153,1020221628,Yates,Iona,REG-3331298700,3464 Chilpancingo Park,254,2020-05-09,2020-05-09
154,1020557302,Guzman,Jenny,REG-3332284672,Herzogstr 328,241,2020-05-09,2020-05-09
155,1020605904,Adamson,Axel,REG-3337823049,9395 Asilomaar Dr,591,2020-05-09,2020-05-09
156,1020607724,Dillon,Ned,REG-3338722755,Buergermeister-ulrich-str 098,592,2020-05-09,2020-05-09
157,1020629830,Fischer,Rhodri,REG-3341308881,7223 Brush Creek Court,468,2020-05-09,2020-05-09
158,1020693100,Hobbs,Alfie,REG-3342866007,4471 Willcrest Circle,108,2020-05-09,2020-05-09
159,1020702502,Perkins,Michael,REG-3344399208,Washington Square Ii,330,2020-05-09,2020-05-09
